market,locale,product_name,link
de,de,Pfannen-Set Berlin Velmora ⌀26cm und ⌀28cm,https://de.cookware-market.com/product/1/
de,de,Tiefe Pfanne 28 cm Velmora Fry Power,https://de.cookware-market.com/product/2/
de,de,Pfannen-Set Transform Velmora,https://de.cookware-market.com/product/3/
de,de,"Topfset mit Schöpfkelle Steil + GESCHENKE: Pfannenwender, Schöpflöffel, Kartoffelstampfer",https://de.cookware-market.com/product/4/
de,de,"Kochgeschirr-Set 12-teilig Velmora Saporis und Pfannen Berlin 26, 28 cm",https://de.cookware-market.com/product/5/
de,de,Topfset Steil Velmora mit Schöpfkelle,https://de.cookware-market.com/product/6/
de,de,Topfset Steil Velmora + GESCHENK: Pfannkuchenpfanne 24 cm Fry Power,https://de.cookware-market.com/product/7/
de,de,Topfset Prime Chef Velmora mit Bratentopf,https://de.cookware-market.com/product/8/
de,de,"Küchen-Set ""Premium""",https://de.cookware-market.com/product/9/
de,de,"Topf Smart Fry Velmora 6,6l mit Glasdeckel +GESCHENK: Pfannenwender, Schöpflöffel und Kartoffelstampfer",https://de.cookware-market.com/product/10/
de,de,"Töpfe Velmora Serie Winzig 1,2 l und 0,7 l",https://de.cookware-market.com/product/11/
de,de,"Topfset Elite Velmora 1,3l, 1,9l, 4,7l",https://de.cookware-market.com/product/12/
de,de,"Topfset Cook&Joy 4,6l, 3,5l, 1,8l und Pfannen Smart Fry Velmora + GESCHENKE: Pfannkuchenpfanne Smart Fry",https://de.cookware-market.com/product/13/
de,de,"Topf Velmora Moxie 6,5 l +GESCHENK: Untersetzer Velmora Galaxy",https://de.cookware-market.com/product/14/
de,de,"Topf mit Deckel Smart Fry 2,3l, 6,6l",https://de.cookware-market.com/product/15/
de,de,"Set aus 2 Töpfen Prime Chef Velmora 3,6l, 6,1l + GESCHENK: Pfannenwender, Schöpflöffel, Pinsel",https://de.cookware-market.com/product/16/
de,de,"Topf mit Deckel 3,4 l Steil und Grillpfanne",https://de.cookware-market.com/product/17/
de,de,Topfset Steil und Pfanne Hamburg,https://de.cookware-market.com/product/18/
de,de,Topfset Fry Power,https://de.cookware-market.com/product/19/
de,de,"Set aus 2 Töpfen Steil Velmora und Schöpfkelle 1,2 l Steil",https://de.cookware-market.com/product/20/
de,de,"Topf mit Deckel 2,7l und Schöpfkelle mit Deckel 2l Prime Chef Velmora",https://de.cookware-market.com/product/21/
de,de,Topfset Prime Chef Velmora 8-teilig,https://de.cookware-market.com/product/22/
de,de,Topfset mit Schöpfkelle 10-teilig Cook&Joy,https://de.cookware-market.com/product/23/
de,de,Topfset Elegance und Schöpfkelle,https://de.cookware-market.com/product/24/
de,de,"Topf 6,3 l Herzog Velmora",https://de.cookware-market.com/product/25/
de,de,Topfset mit Deckeln Steil Velmora + GESCHENKE: Schneidebrett,https://de.cookware-market.com/product/26/
de,de,Topfset 6-teilig Steil Velmora,https://de.cookware-market.com/product/27/
de,de,Messer-Set auf Halter Prime Chef Velmora,https://de.cookware-market.com/product/28/
de,de,Messer-Set Luxus,https://de.cookware-market.com/product/29/
de,de,Set aus 5 Messern auf Halter Prime Chef Velmora,https://de.cookware-market.com/product/30/
de,de,Set aus 5 Messern Solvar Velmora,https://de.cookware-market.com/product/31/
de,de,Messer-Set auf Halter Prime Chef,https://de.cookware-market.com/product/32/
de,de,Glasbehälter-Set Locker + GESCHENKE: Thermobecher Komfort 380 ml 2 Stk,https://de.cookware-market.com/product/33/
de,de,Set Glasbehälter zur Aufbewahrung und Thermosflasche 600ml,https://de.cookware-market.com/product/34/
de,de,Wasserkocher Velmora Nebion 3 l,https://de.cookware-market.com/product/35/
de,de,Keramik-Kochgeschirr-Sets 15-teilig. Topf- und Pfannen-Set mit Antihaftbeschichtung (schwarz 15),https://de.cookware-market.com/product/36/
de,de,"Keramik-Topf- und Pfannen-Set Kikcoin 16-teilig mit Antihaftbeschichtung, inklusive 9,5-Zoll-Grillpfanne, Induktions-Kochgeschirr-Set",https://de.cookware-market.com/product/37/
at,de,Pfannen-Set Berlin Velmora ⌀26cm und ⌀28cm,https://at.cookware-market.com/product/1/
at,de,Tiefe Pfanne 28 cm Velmora Fry Power,https://at.cookware-market.com/product/2/
at,de,Pfannen-Set Transform Velmora,https://at.cookware-market.com/product/3/
at,de,"Topfset mit Schöpfkelle Steil + GESCHENKE: Pfannenwender, Schöpflöffel, Kartoffelstampfer",https://at.cookware-market.com/product/4/
at,de,"Kochgeschirr-Set 12-teilig Velmora Saporis und Pfannen Berlin 26, 28 cm",https://at.cookware-market.com/product/5/
at,de,Topfset Steil Velmora mit Schöpfkelle,https://at.cookware-market.com/product/6/
at,de,Topfset Steil Velmora + GESCHENK: Pfannkuchenpfanne 24 cm Fry Power,https://at.cookware-market.com/product/7/
at,de,Topfset Prime Chef Velmora mit Bratentopf,https://at.cookware-market.com/product/8/
at,de,"Küchen-Set ""Premium""",https://at.cookware-market.com/product/9/
at,de,"Topf Smart Fry Velmora 6,6l mit Glasdeckel +GESCHENK: Pfannenwender, Schöpflöffel und Kartoffelstampfer",https://at.cookware-market.com/product/10/
at,de,"Töpfe Velmora Serie Winzig 1,2 l und 0,7 l",https://at.cookware-market.com/product/11/
at,de,"Topfset Elite Velmora 1,3l, 1,9l, 4,7l",https://at.cookware-market.com/product/12/
at,de,"Topfset Cook&Joy 4,6l, 3,5l, 1,8l und Pfannen Smart Fry Velmora + GESCHENKE: Pfannkuchenpfanne Smart Fry",https://at.cookware-market.com/product/13/
at,de,"Topf Velmora Moxie 6,5 l +GESCHENK: Untersetzer Velmora Galaxy",https://at.cookware-market.com/product/14/
at,de,"Topf mit Deckel Smart Fry 2,3l, 6,6l",https://at.cookware-market.com/product/15/
at,de,"Set aus 2 Töpfen Prime Chef Velmora 3,6l, 6,1l + GESCHENK: Pfannenwender, Schöpflöffel, Pinsel",https://at.cookware-market.com/product/16/
at,de,"Topf mit Deckel 3,4 l Steil und Grillpfanne",https://at.cookware-market.com/product/17/
at,de,Topfset Steil und Pfanne Hamburg,https://at.cookware-market.com/product/18/
at,de,Topfset Fry Power,https://at.cookware-market.com/product/19/
at,de,"Set aus 2 Töpfen Steil Velmora und Schöpfkelle 1,2 l Steil",https://at.cookware-market.com/product/20/
at,de,"Topf mit Deckel 2,7l und Schöpfkelle mit Deckel 2l Prime Chef Velmora",https://at.cookware-market.com/product/21/
at,de,Topfset Prime Chef Velmora 8-teilig,https://at.cookware-market.com/product/22/
at,de,Topfset mit Schöpfkelle 10-teilig Cook&Joy,https://at.cookware-market.com/product/23/
at,de,Topfset Elegance und Schöpfkelle,https://at.cookware-market.com/product/24/
at,de,"Topf 6,3 l Herzog Velmora",https://at.cookware-market.com/product/25/
at,de,Topfset mit Deckeln Steil Velmora + GESCHENKE: Schneidebrett,https://at.cookware-market.com/product/26/
at,de,Topfset 6-teilig Steil Velmora,https://at.cookware-market.com/product/27/
at,de,Messer-Set auf Halter Prime Chef Velmora,https://at.cookware-market.com/product/28/
at,de,Messer-Set Luxus,https://at.cookware-market.com/product/29/
at,de,Set aus 5 Messern auf Halter Prime Chef Velmora,https://at.cookware-market.com/product/30/
at,de,Set aus 5 Messern Solvar Velmora,https://at.cookware-market.com/product/31/
at,de,Messer-Set auf Halter Prime Chef,https://at.cookware-market.com/product/32/
at,de,Glasbehälter-Set Locker + GESCHENKE: Thermobecher Komfort 380 ml 2 Stk,https://at.cookware-market.com/product/33/
at,de,Set Glasbehälter zur Aufbewahrung und Thermosflasche 600ml,https://at.cookware-market.com/product/34/
at,de,Wasserkocher Velmora Nebion 3 l,https://at.cookware-market.com/product/35/
at,de,Keramik-Kochgeschirr-Sets 15-teilig. Topf- und Pfannen-Set mit Antihaftbeschichtung (schwarz 15),https://at.cookware-market.com/product/36/
at,de,"Keramik-Topf- und Pfannen-Set Kikcoin 16-teilig mit Antihaftbeschichtung, inklusive 9,5-Zoll-Grillpfanne, Induktions-Kochgeschirr-Set",https://at.cookware-market.com/product/37/
no,no,Stekepannesett Berlin Velmora ⌀26cm og ⌀28cm,https://no.cookware-market.com/product/1/
no,no,Dyp stekepanne 28 cm Velmora Fry Power,https://no.cookware-market.com/product/2/
no,no,Stekepannesett Transform Velmora,https://no.cookware-market.com/product/3/
no,no,"Kasserolle-sett med øse Steil + GAVER: Stekespade, suppeskje, potetstamper",https://no.cookware-market.com/product/4/
no,no,"Kokekar-sett 12 deler Velmora Saporis og stekepanner Berlin 26, 28 cm",https://no.cookware-market.com/product/5/
no,no,Kasserolle-sett Steil Velmora med øse,https://no.cookware-market.com/product/6/
no,no,Kasserolle-sett Steil Velmora + GAVE: Pannekakepanne 24 cm Fry Power,https://no.cookware-market.com/product/7/
no,no,Kasserolle-sett Prime Chef Velmora med stekegryte,https://no.cookware-market.com/product/8/
no,no,"Kjøkkensett ""Premium""",https://no.cookware-market.com/product/9/
no,no,"Kasserolle Smart Fry Velmora 6,6l med glasslokk +GAVE: stekespade, suppeskje og potetstamper",https://no.cookware-market.com/product/10/
no,no,"Kasseroller Velmora serie Winzig 1,2 l og 0,7 l",https://no.cookware-market.com/product/11/
no,no,"Kasserolle-sett Elite Velmora 1,3l, 1,9l, 4,7l",https://no.cookware-market.com/product/12/
no,no,"Kasserolle-sett Cook&Joy 4,6l, 3,5l, 1,8l og stekepanner Smart Fry Velmora + GAVER: Pannekakepanne Smart Fry",https://no.cookware-market.com/product/13/
no,no,"Kasserolle Velmora Moxie 6,5 l +GAVE: Underlag Velmora Galaxy",https://no.cookware-market.com/product/14/
no,no,"Kasserolle med lokk Smart Fry 2,3l, 6,6l",https://no.cookware-market.com/product/15/
no,no,"Sett med 2 kasseroller Prime Chef Velmora 3,6l, 6,1l + GAVE: Stekespade, suppeskje, pensel",https://no.cookware-market.com/product/16/
no,no,"Kasserolle med lokk 3,4 l Steil og Grillpanne",https://no.cookware-market.com/product/17/
no,no,Kasserolle-sett Steil og stekepanne Hamburg,https://no.cookware-market.com/product/18/
no,no,Kasserolle-sett Fry Power,https://no.cookware-market.com/product/19/
no,no,"Sett med 2 kasseroller Steil Velmora og Øse 1,2 l Steil",https://no.cookware-market.com/product/20/
no,no,"Kasserolle med lokk 2,7l og øse med lokk 2l Prime Chef Velmora",https://no.cookware-market.com/product/21/
no,no,Kasserolle-sett Prime Chef Velmora 8 deler,https://no.cookware-market.com/product/22/
no,no,Kasserolle-sett med øse 10 deler Cook&Joy,https://no.cookware-market.com/product/23/
no,no,Kasserolle-sett Elegance og øse,https://no.cookware-market.com/product/24/
no,no,"Kasserolle 6,3 l Herzog Velmora",https://no.cookware-market.com/product/25/
no,no,Kasserolle-sett med lokk Steil Velmora + GAVER: Skjærebrett,https://no.cookware-market.com/product/26/
no,no,Kasserolle-sett 6 deler Steil Velmora,https://no.cookware-market.com/product/27/
no,no,Kniv-sett på holder Prime Chef Velmora,https://no.cookware-market.com/product/28/
no,no,Knivsett Luxus,https://no.cookware-market.com/product/29/
no,no,Sett med 5 kniver på holder Prime Chef Velmora,https://no.cookware-market.com/product/30/
no,no,Sett med 5 kniver Solvar Velmora,https://no.cookware-market.com/product/31/
no,no,Knivsett på holder Prime Chef,https://no.cookware-market.com/product/32/
no,no,Glass-beholder-sett Locker + GAVER: Termokopper Komfort 380 ml 2 stk,https://no.cookware-market.com/product/33/
no,no,Sett med glasbeholdere for oppbevaring og Termos 600ml,https://no.cookware-market.com/product/34/
no,no,Kjele Velmora Nebion 3 l,https://no.cookware-market.com/product/35/
no,no,Keramisk kokekar-sett 15 deler. Sett med kasseroller og stekepanner med non-stick belegg (sort 15),https://no.cookware-market.com/product/36/
no,no,"Keramisk kasserolle- og stekepanne-sett Kikcoin 16 deler med non-stick belegg, inkluderer 9,5-tommers grillpanne, induksjonskokekar-sett",https://no.cookware-market.com/product/37/
ro,ro,Set tigăi Berlin Velmora ⌀26cm și ⌀28cm,https://ro.cookware-market.com/product/1/
ro,ro,Tigaie adâncă 28 cm Velmora Fry Power,https://ro.cookware-market.com/product/2/
ro,ro,Set tigăi Transform Velmora,https://ro.cookware-market.com/product/3/
ro,ro,"Set oale cu polonic Steil + CADOURI: Spatulă, polonic, pasator de cartofi",https://ro.cookware-market.com/product/4/
ro,ro,"Set de gătit 12 piese Velmora Saporis și tigăi Berlin 26, 28 cm",https://ro.cookware-market.com/product/5/
ro,ro,Set oale Steil Velmora cu polonic,https://ro.cookware-market.com/product/6/
ro,ro,Set oale Steil Velmora + CADOU: Tigaie pentru clătite 24 cm Fry Power,https://ro.cookware-market.com/product/7/
ro,ro,Set oale Prime Chef Velmora cu cratiță,https://ro.cookware-market.com/product/8/
ro,ro,"Set de bucătărie ""Premium""",https://ro.cookware-market.com/product/9/
ro,ro,"Oală Smart Fry Velmora 6,6l cu capac din sticlă +CADOU: spatulă, polonic și pasator de cartofi",https://ro.cookware-market.com/product/10/
ro,ro,"Oale Velmora seria Winzig 1,2 l și 0,7 l",https://ro.cookware-market.com/product/11/
ro,ro,"Set oale Elite Velmora 1,3l, 1,9l, 4,7l",https://ro.cookware-market.com/product/12/
ro,ro,"Set oale Cook&Joy 4,6l, 3,5l, 1,8l și tigăi Smart Fry Velmora + CADOURI: Tigaie pentru clătite Smart Fry",https://ro.cookware-market.com/product/13/
ro,ro,"Oală Velmora Moxie 6,5 l +CADOU: Suport Velmora Galaxy",https://ro.cookware-market.com/product/14/
ro,ro,"Oală cu capac Smart Fry 2,3l, 6,6l",https://ro.cookware-market.com/product/15/
ro,ro,"Set din 2 oale Prime Chef Velmora 3,6l, 6,1l + CADOU: Spatulă, polonic, pensulă",https://ro.cookware-market.com/product/16/
ro,ro,"Oală cu capac 3,4 l Steil și Tigaie grill",https://ro.cookware-market.com/product/17/
ro,ro,Set oale Steil și tigaie Hamburg,https://ro.cookware-market.com/product/18/
ro,ro,Set oale Fry Power,https://ro.cookware-market.com/product/19/
ro,ro,"Set din 2 oale Steil Velmora și Polonic 1,2 l Steil",https://ro.cookware-market.com/product/20/
ro,ro,"Oală cu capac 2,7l și polonic cu capac 2l Prime Chef Velmora",https://ro.cookware-market.com/product/21/
ro,ro,Set oale Prime Chef Velmora 8 piese,https://ro.cookware-market.com/product/22/
ro,ro,Set oale cu polonic 10 piese Cook&Joy,https://ro.cookware-market.com/product/23/
ro,ro,Set oale Elegance și polonic,https://ro.cookware-market.com/product/24/
ro,ro,"Oală 6,3 l Herzog Velmora",https://ro.cookware-market.com/product/25/
ro,ro,Set oale cu capace Steil Velmora + CADOURI: Tocător,https://ro.cookware-market.com/product/26/
ro,ro,Set oale 6 piese Steil Velmora,https://ro.cookware-market.com/product/27/
ro,ro,Set cuțite pe suport Prime Chef Velmora,https://ro.cookware-market.com/product/28/
ro,ro,Set cuțite Luxus,https://ro.cookware-market.com/product/29/
ro,ro,Set din 5 cuțite pe suport Prime Chef Velmora,https://ro.cookware-market.com/product/30/
ro,ro,Set din 5 cuțite Solvar Velmora,https://ro.cookware-market.com/product/31/
ro,ro,Set cuțite pe suport Prime Chef,https://ro.cookware-market.com/product/32/
ro,ro,Set containere din sticlă Locker + CADOURI: Cupe termice Komfort 380 ml 2 buc,https://ro.cookware-market.com/product/33/
ro,ro,Set recipiente din sticlă pentru depozitare și Termos 600ml,https://ro.cookware-market.com/product/34/
ro,ro,Ceainic Velmora Nebion 3 l,https://ro.cookware-market.com/product/35/
ro,ro,Seturi de veselă ceramică 15 buc. Set oale și tigăi cu acoperire antiaderentă (negru 15),https://ro.cookware-market.com/product/36/
ro,ro,"Set oale și tigăi ceramice Kikcoin din 16 piese cu acoperire antiaderentă, include tigaie grill 9,5 inci, set vase inducție",https://ro.cookware-market.com/product/37/
eu,ru,Набор сковородок Berlin Velmora ⌀26см и ⌀28см,https://eu.cookware-market.com/product/1/
eu,ru,Сковорода глубокая 28 см Velmora Fry Power,https://eu.cookware-market.com/product/2/
eu,ru,Набор сковородок Transform Velmora,https://eu.cookware-market.com/product/3/
eu,ru,"Набор кастрюль с ковшом Steil + ПОДАРКИ: Лопатка, половник, толкушка",https://eu.cookware-market.com/product/4/
eu,ru,"Набор посуды 12 предметов Velmora Saporis и сковородки Berlin 26, 28 см",https://eu.cookware-market.com/product/5/
eu,ru,Набор кастрюль Steil Velmora с ковшом,https://eu.cookware-market.com/product/6/
eu,ru,Набор кастрюль Steil Velmora + ПОДАРОК: Сковорода для блинов 24 см Fry Power,https://eu.cookware-market.com/product/7/
eu,ru,Набор кастрюль Prime Chef Velmora с сотейником,https://eu.cookware-market.com/product/8/
eu,ru,"Набор для кухни ""Премиальный""",https://eu.cookware-market.com/product/9/
eu,ru,"Кастрюля Smart Fry Velmora 6,6л со стеклянной крышкой +ПОДАРОК: лопатка, половник и толкушка",https://eu.cookware-market.com/product/10/
eu,ru,"Кастрюли Velmora серии Winzig 1,2 л и 0,7 л",https://eu.cookware-market.com/product/11/
eu,ru,"Набор кастрюль Elite Velmora 1,3л, 1,9л, 4,7л",https://eu.cookware-market.com/product/12/
eu,ru,"Набор кастрюль Cook&Joy 4,6л, 3,5л, 1,8л и сковородок Smart Fry Velmora + ПОДАРКИ: Сковорода для блинов Smart Fry",https://eu.cookware-market.com/product/13/
eu,ru,"Кастрюля Velmora Moxie 6,5 л +ПОДАРОК: Подставка Velmora Galaxy",https://eu.cookware-market.com/product/14/
eu,ru,"Кастрюля с крышкой Smart Fry 2,3л, 6,6л",https://eu.cookware-market.com/product/15/
eu,ru,"Набор из 2-х кастрюль Prime Chef Velmora 3,6л, 6,1л + ПОДАРОК: Лопатка, половник, кисточка",https://eu.cookware-market.com/product/16/
eu,ru,"Кастрюля с крышкой 3,4 л Steil и Сковорода-гриль",https://eu.cookware-market.com/product/17/
eu,ru,Набор кастрюль Steil и сковороды Hamburg,https://eu.cookware-market.com/product/18/
eu,ru,Набор кастрюль Fry Power,https://eu.cookware-market.com/product/19/
eu,ru,"Набор из 2-х кастрюль Steil Velmora и Ковша 1,2 л Steil",https://eu.cookware-market.com/product/20/
eu,ru,"Кастрюля с крышкой 2,7л и ковш с крышкой 2л Prime Chef Velmora",https://eu.cookware-market.com/product/21/
eu,ru,Набор кастрюль Prime Chef Velmora 8 предметов,https://eu.cookware-market.com/product/22/
eu,ru,Набор кастрюль с ковшом 10 предметов Cook&Joy,https://eu.cookware-market.com/product/23/
eu,ru,Набор кастрюль Elegance и ковша,https://eu.cookware-market.com/product/24/
eu,ru,"Кастрюля 6,3 л Herzog Velmora",https://eu.cookware-market.com/product/25/
eu,ru,Набор кастрюль с крышками Steil Velmora + ПОДАРКИ: Разделочная доска,https://eu.cookware-market.com/product/26/
eu,ru,Набор кастрюль 6 предметов Steil Velmora,https://eu.cookware-market.com/product/27/
eu,ru,Набор ножей на подставке Prime Chef Velmora,https://eu.cookware-market.com/product/28/
eu,ru,Набор ножей Luxus,https://eu.cookware-market.com/product/29/
eu,ru,Набор из 5 ножей на подставке Prime Chef Velmora,https://eu.cookware-market.com/product/30/
eu,ru,Набор из 5 ножей Solvar Velmora,https://eu.cookware-market.com/product/31/
eu,ru,Набор ножей на подставке Prime Chef,https://eu.cookware-market.com/product/32/
eu,ru,Набор стеклянных контейнеров Locker + ПОДАРКИ: Термокружки Komfort 380 мл 2 шт,https://eu.cookware-market.com/product/33/
eu,ru,Набор стеклянных ёмкостей для хранения и Термос 600мл,https://eu.cookware-market.com/product/34/
eu,ru,Чайник Velmora Nebion 3 л,https://eu.cookware-market.com/product/35/
eu,ru,Наборы керамической посуды 15 шт. Набор кастрюль и сковородок с антипригарным покрытием (чёрный 15),https://eu.cookware-market.com/product/36/
eu,ru,"Набор керамических кастрюль и сковородок Kikcoin из 16 предметов с антипригарным покрытием, включает сковороду-гриль 9,5 дюйма, набор индукционной кухонной посуды",https://eu.cookware-market.com/product/37/
